ABMD,ABIOMED Inc,NASDAQ,5930832238.8
ACHC,Acadia Healthcare Company Inc,NASDAQ,3837642798.1
ACAD,ACADIA Pharmaceuticals Inc,NASDAQ,3419741304.84
ATVI,Activision Blizzard Inc,NASDAQ,43049196687.84
ADBE,Adobe Systems Incorporated,NASDAQ,68693763724.56
AMD,Advanced Micro Devices Inc,NASDAQ,10432978560.96
AGNC,AGNC Investment Corp,NASDAQ,6748374279.645
AGNCB,AGNC Investment Corp,NASDAQ,9111637182.9
AKAM,Akamai Technologies Inc,NASDAQ,8254703895
AKRX,Akorn Inc,NASDAQ,4135857673.94
ALXN,Alexion Pharmaceuticals Inc,NASDAQ,25920494276.0974
ALGN,Align Technology Inc,NASDAQ,11093758054
ALKS,Alkermes plc,NASDAQ,8934070018.32
ALNY,Alnylam Pharmaceuticals Inc,NASDAQ,6372902796.48
GOOG,Alphabet Inc,NASDAQ,651530339221.58
GOOGL,Alphabet Inc,NASDAQ,666894075694.21
AMZN,Amazoncom Inc,NASDAQ,463956477614.33
AMCX,AMC Networks Inc,NASDAQ,3560756476.86
DOX,Amdocs Limited,NASDAQ,9382420320
UHAL,Amerco,NASDAQ,7536645473.56
AMOV,America Movil SAB de CV,NASDAQ,51618531000
AAL,American Airlines Group Inc,NASDAQ,22762529279.78
AMGN,Amgen Inc,NASDAQ,112530774566.56
ADI,Analog Devices Inc,NASDAQ,29970297040.62
ANSS,ANSYS Inc,NASDAQ,10608415150.08
AAPL,Apple Inc,NASDAQ,802879221600
AMAT,Applied Materials Inc,NASDAQ,48300840764.19
ACGL,Arch Capital Group Ltd,NASDAQ,11627625822.88
ARCC,Ares Capital Corporation,NASDAQ,7055251180.75
ARRS,ARRIS International plc,NASDAQ,5153673586.82
ASML,ASML Holding NV,NASDAQ,9138912617.25
AZPN,Aspen Technology Inc,NASDAQ,4401966867.3
ATHN,athenahealth Inc,NASDAQ,5325026765.76
TEAM,Atlassian Corporation Plc,NASDAQ,8017905970.76
ADSK,Autodesk Inc,NASDAQ,24977451518.24
ADP,Automatic Data Processing Inc,NASDAQ,44494958710.8
BIDU,Baidu Inc,NASDAQ,52773569840
OZRK,Bank of the Ozarks,NASDAQ,5762758189.8
BBBY,Bed Bath & Beyond Inc,NASDAQ,5123926845.5
BIIB,Biogen Inc,NASDAQ,53026679597.97
BMRN,BioMarin Pharmaceutical Inc,NASDAQ,15788729912.125
TECH,Bio-Techne Corp,NASDAQ,4119378279.66
BIVV,Bioverativ Inc,NASDAQ,5914180707.36
BLKB,Blackbaud Inc,NASDAQ,3933296498.52
BBRY,BlackBerry Limited,NASDAQ,6021225691.58
BUFF,Blue Buffalo Pet Products Inc,NASDAQ,4552338282.21
BOKF,BOK Financial Corporation,NASDAQ,5424287015.67
AVGO,Broadcom Limited,NASDAQ,95676784645.08
BRCD,Brocade Communications Systems Inc,NASDAQ,5157428048.3
BRKR,Bruker Corporation,NASDAQ,4257528184.14
CHRW,CH Robinson Worldwide Inc,NASDAQ,9588851572.6
CA,CA Inc,NASDAQ,13324070792.94
CDNS,Cadence Design Systems Inc,NASDAQ,9375021530
CASY,Caseys General Stores Inc,NASDAQ,4462711768.35
CAVM,Cavium Inc,NASDAQ,4925795214.36
CBOE,CBOE Holdings Inc,NASDAQ,9523631880
CDK,CDK Global Inc,NASDAQ,8917803625.94
CDW,CDW Corporation,NASDAQ,9017673666.225
CELG,Celgene Corporation,NASDAQ,90349183802.85
CDEV,Centennial Resource Development Inc,NASDAQ,3705594328.8
CERN,Cerner Corporation,NASDAQ,21339122514.92
CHTR,Charter Communications Inc,NASDAQ,84616231767.1825
CHKP,Check Point Software Technologies Ltd,NASDAQ,18175944590.04
CINF,Cincinnati Financial Corporation,NASDAQ,11449119840.4
CTAS,Cintas Corporation,NASDAQ,12820914376.69
CRUS,Cirrus Logic Inc,NASDAQ,4178609637.36
CSCO,Cisco Systems Inc,NASDAQ,158198178842.73
CTXS,Citrix Systems Inc,NASDAQ,12537754139.4
CME,CME Group Inc,NASDAQ,39697808115.77
CGNX,Cognex Corporation,NASDAQ,8038184579.83
CTSH,Cognizant Technology Solutions Corporation,NASDAQ,38750104274.67
COHR,Coherent Inc,NASDAQ,6152340980.16
COLM,Columbia Sportswear Company,NASDAQ,3704429138.52
CMCSA,Comcast Corporation,NASDAQ,187299366756.81
CBSH,Commerce Bancshares Inc,NASDAQ,5507672944.4
COMM,CommScope Holding Company Inc,NASDAQ,7239283822.62
CPRT,Copart Inc,NASDAQ,27287784770.4
CSGP,CoStar Group Inc,NASDAQ,8454101945.55
COST,Costco Wholesale Corporation,NASDAQ,75673465638.4
CBRL,Cracker Barrel Old Country Store Inc,NASDAQ,3877586173.44
CACC,Credit Acceptance Corporation,NASDAQ,4366531541.35
CSX,CSX Corporation,NASDAQ,47478089988.14
CTRP,Ctripcom International Ltd,NASDAQ,23232301204.32
CY,Cypress Semiconductor Corporation,NASDAQ,4328816647.14
CONE,CyrusOne Inc,NASDAQ,4892473721.85
XRAY,DENTSPLY SIRONA Inc,NASDAQ,14345207642.64
DXCM,DexCom Inc,NASDAQ,5944824867.91
FANG,Diamondback Energy Inc,NASDAQ,10032611116.32
DISCA,Discovery Communications Inc,NASDAQ,10079651305.72
DISCB,Discovery Communications Inc,NASDAQ,10276937117.236
DISCK,Discovery Communications Inc,NASDAQ,9791221756.72
DISH,DISH Network Corporation,NASDAQ,29711005451.4
DLTR,Dollar Tree Inc,NASDAQ,19140179718.51
DNKN,Dunkin&#39; Brands Group Inc,NASDAQ,5047254961.84
ETFC,E*TRADE Financial Corporation,NASDAQ,9447994453.67
EWBC,East West Bancorp Inc,NASDAQ,7911948823.16
EBAY,eBay Inc,NASDAQ,36647965560.36
SATS,EchoStar Corporation,NASDAQ,5609197965.36
ESLT,Elbit Systems Ltd,NASDAQ,5106662222.64
EA,Electronic Arts Inc,NASDAQ,33412792081.53
ESGR,Enstar Group Limited,NASDAQ,3610644980.8
ENTG,Entegris Inc,NASDAQ,3439138874.6
EQIX,Equinix Inc,NASDAQ,33858557423.875
ERIE,Erie Indemnity Company,NASDAQ,6055166714.4
EEFT,Euronet Worldwide Inc,NASDAQ,4427230406.72
EXAS,Exact Sciences Corporation,NASDAQ,3535934919.6
EXEL,Exelixis Inc,NASDAQ,5644025754.66
EXPE,Expedia Inc,NASDAQ,21511455402.39
EXPD,Expeditors International of Washington Inc,NASDAQ,9557737812.45
ESRX,Express Scripts Holding Company,NASDAQ,35789678100
FFIV,F5 Networks Inc,NASDAQ,8317562037.15
FB,Facebook Inc,NASDAQ,429625750771.52
FAST,Fastenal Company,NASDAQ,12834640307.88
FITB,Fifth Third Bancorp,NASDAQ,18299070714.78
FCNCA,First Citizens BancShares Inc,NASDAQ,4011475270
FHB,First Hawaiian Inc,NASDAQ,3967310264.45
FSLR,First Solar Inc,NASDAQ,3799288051.56
FISV,Fiserv Inc,NASDAQ,25978074635.92
FLEX,Flex Ltd,NASDAQ,8928991168.64
FLIR,FLIR Systems Inc,NASDAQ,5014747158.75
FTNT,Fortinet Inc,NASDAQ,7114802729.76
GLPI,Gaming and Leisure Properties Inc,NASDAQ,7577429391.72
GRMN,Garmin Ltd,NASDAQ,9785074518.09
GNTX,Gentex Corporation,NASDAQ,5340354598.15
GILD,Gilead Sciences Inc,NASDAQ,84101039695.28
LOPE,Grand Canyon Education Inc,NASDAQ,3702953483.01
HBHC,Hancock Holding Company,NASDAQ,3993526908
HAS,Hasbro Inc,NASDAQ,12657842765.1
HDS,HD Supply Holdings Inc,NASDAQ,8400995043.1
HCSG,Healthcare Services Group Inc,NASDAQ,3423892093.3
HSIC,Henry Schein Inc,NASDAQ,14350699314
HOLX,Hologic Inc,NASDAQ,12089469614.475
HOMB,Home BancShares Inc,NASDAQ,3448692019.92
HPT,Hospitality Properties Trust,NASDAQ,4757207043.04
HBAN,Huntington Bancshares Incorporated,NASDAQ,13730325322.14
HBANO,Huntington Bancshares Incorporated,NASDAQ,21853181382.11
IAC,IAC/InterActiveCorp,NASDAQ,8123124640.07
IBKC,IBERIABANK Corporation,NASDAQ,4041619104.9
IEP,Icahn Enterprises LP,NASDAQ,7970765861.4
ICLR,ICON plc,NASDAQ,4811849904.44
IDXX,IDEXX Laboratories Inc,NASDAQ,14363241278.49
INFO,IHS Markit Ltd,NASDAQ,18187306733.7
ILG,ILG Inc,NASDAQ,3361254876.96
ILMN,Illumina Inc,NASDAQ,25532480000
INCY,Incyte Corporation,NASDAQ,27519632825.51
IART,Integra LifeSciences Holdings Corporation,NASDAQ,3628288718.86
INTC,Intel Corporation,NASDAQ,168440930000
IBKR,Interactive Brokers Group Inc,NASDAQ,14313756634.08
INTU,Intuit Inc,NASDAQ,32525661927
ISRG,Intuitive Surgical Inc,NASDAQ,32841698176.35
ISBC,Investors Bancorp Inc,NASDAQ,4090595556.18
IONS,Ionis Pharmaceuticals Inc,NASDAQ,5551177776.8
IPGP,IPG Photonics Corporation,NASDAQ,7348513237.65
TLT,iShares 20+ Year Treasury Bond ETF,NASDAQ,6785900000
IXUS,iShares Core MSCI Total International Stock ETF,NASDAQ,6040100000
ACWI,iShares MSCI ACWI Index Fund,NASDAQ,6757536000
AAXJ,iShares MSCI All Country Asia ex Japan Index Fund,NASDAQ,3331500000
SCZ,iShares MSCI EAFE Small-Cap ETF,NASDAQ,8177664000
IBB,iShares Nasdaq Biotechnology Index Fund,NASDAQ,7892604000
JBHT,JB Hunt Transport Services Inc,NASDAQ,9263883756.78
JCOM,j2 Global Inc,NASDAQ,3956156063.99
JKHY,Jack Henry & Associates Inc,NASDAQ,7931333811.16
JAZZ,Jazz Pharmaceuticals plc,NASDAQ,9125580608.32
JD,JDcom Inc,NASDAQ,38209244750.86
JBLU,JetBlue Airways Corporation,NASDAQ,7197005835.262
KITE,Kite Pharma Inc,NASDAQ,4048125204.81
KLAC,KLA-Tencor Corporation,NASDAQ,16101089008.33
LRCX,Lam Research Corporation,NASDAQ,24666199570.8
LAMR,Lamar Advertising Company,NASDAQ,6943882303.44
LANC,Lancaster Colony Corporation,NASDAQ,3328023645.57
LSTR,Landstar System Inc,NASDAQ,3475572220.4
LBRDA,Liberty Broadband Corporation,NASDAQ,14985351288.18
LBRDK,Liberty Broadband Corporation,NASDAQ,15278076543.87
LBTYA,Liberty Global plc,NASDAQ,26440435483.44
LBTYB,Liberty Global plc,NASDAQ,26920547152.4
LBTYK,Liberty Global plc,NASDAQ,25583093217.44
LILA,Liberty Global plc,NASDAQ,3675712696.04
LILAK,Liberty Global plc,NASDAQ,3596479901.28
LVNTA,Liberty Interactive Corporation,NASDAQ,4386365715.56
LVNTB,Liberty Interactive Corporation,NASDAQ,4592341996.5017
QVCA,Liberty Interactive Corporation,NASDAQ,10803989433.76
QVCB,Liberty Interactive Corporation,NASDAQ,10822026144
FWONK,Liberty Media Corporation,NASDAQ,6251757382.4
LSXMK,Liberty Media Corporation,NASDAQ,12930435702.36
LECO,Lincoln Electric Holdings Inc,NASDAQ,5888756678
LFUS,Littelfuse Inc,NASDAQ,3641726582.24
LKQ,LKQ Corporation,NASDAQ,9695571175.4
LOGI,Logitech International SA,NASDAQ,5725483540
LOGM,LogMein Inc,NASDAQ,5866096605.4
LPLA,LPL Financial Holdings Inc,NASDAQ,3599313050.2
LULU,lululemon athletica inc,NASDAQ,6779082213.76
LITE,Lumentum Holdings Inc,NASDAQ,3506949632.5
MTSI,MACOM Technology Solutions Holdings Inc,NASDAQ,3883269480.48
MKTX,MarketAxess Holdings Inc,NASDAQ,6957926658
MAR,Marriott International,NASDAQ,39495570633.36
MRVL,Marvell Technology Group Ltd,NASDAQ,8119563488.79
MASI,Masimo Corporation,NASDAQ,4422176663.71
MTCH,Match Group Inc,NASDAQ,5076643641.9
MAT,Mattel Inc,NASDAQ,7496846113.68
MXIM,Maxim Integrated Products Inc,NASDAQ,13194837116.4
MBFI,MB Financial Inc,NASDAQ,3501708588
MDSO,Medidata Solutions Inc,NASDAQ,4246152891.16
MLCO,Melco Resorts & Entertainment Limited,NASDAQ,3758392969.4
MELI,MercadoLibre Inc,NASDAQ,12162704340.16
MEOH,Methanex Corporation,NASDAQ,3898353646.75
MCHP,Microchip Technology Incorporated,NASDAQ,17554812903.15
MU,Micron Technology Inc,NASDAQ,31042977871.38
MSCC,Microsemi Corporation,NASDAQ,5584441267.08
MSFT,Microsoft Corporation,NASDAQ,528469233336.95
MKSI,MKS Instruments Inc,NASDAQ,4331363891.55
MOMO,Momo Inc,NASDAQ,3375207255.96
MDLZ,Mondelez International Inc,NASDAQ,69946523729.2
MPWR,Monolithic Power Systems Inc,NASDAQ,3929264059.86
MNST,Monster Beverage Corporation,NASDAQ,27442344777.3
MSG,MSG Networks Inc,NASDAQ,4652957439.03
MYL,Mylan NV,NASDAQ,20709126972.24
NDAQ,Nasdaq Inc,NASDAQ,11213966939.31
FIZZ,National Beverage Corp,NASDAQ,4125973530
NATI,National Instruments Corporation,NASDAQ,4896052668.38
NAVI,Navient Corporation,NASDAQ,4010545363.2
NTAP,NetApp Inc,NASDAQ,10832634093.44
NTES,NetEase Inc,NASDAQ,22044871683.66
NFLX,Netflix Inc,NASDAQ,67736657633.24
NTCT,NetScout Systems Inc,NASDAQ,3318097483.35
NBIX,Neurocrine Biosciences Inc,NASDAQ,4724341015.32
NWS,News Corporation,NASDAQ,7883546881.9
NWSA,News Corporation,NASDAQ,7633367903.36
NDSN,Nordson Corporation,NASDAQ,7541885838.46
NTRS,Northern Trust Corporation,NASDAQ,20123208429.85
NCLH,Norwegian Cruise Line Holdings Ltd,NASDAQ,11511761476.42
NUAN,Nuance Communications Inc,NASDAQ,5426611990.03
NUVA,NuVasive Inc,NASDAQ,3624413421.16
NVDA,NVIDIA Corporation,NASDAQ,82581185688.6
NXPI,NXP Semiconductors NV,NASDAQ,36444499345.28
ODFL,Old Dominion Freight Line Inc,NASDAQ,7155130331.25
ON,ON Semiconductor Corporation,NASDAQ,6553046588.55
OTEX,Open Text Corporation,NASDAQ,8590779614.55
OPK,Opko Health Inc,NASDAQ,3647214258.8
ORLY,O&#39;Reilly Automotive Inc,NASDAQ,22605648706.8
PCAR,PACCAR Inc,NASDAQ,22088461310.88
PACW,PacWest Bancorp,NASDAQ,5737748365.58
PNRA,Panera Bread Company,NASDAQ,7113309719.76
PRXL,PAREXEL International Corporation,NASDAQ,4025956981.97
PDCO,Patterson Companies Inc,NASDAQ,4224357660
PTEN,Patterson-UTI Energy Inc,NASDAQ,4777650179.82
PAYX,Paychex Inc,NASDAQ,20771741620.7
PYPL,PayPal Holdings Inc,NASDAQ,59786634499.83
PDCE,PDC Energy Inc,NASDAQ,3546965919.4
PEGA,Pegasystems Inc,NASDAQ,4377813891.25
PBCT,People&#39;s United Financial Inc,NASDAQ,5785015740
PPC,Pilgrim&#39;s Pride Corporation,NASDAQ,5957622566.6
POOL,Pool Corporation,NASDAQ,4984893790.25
BPOP,Popular Inc,NASDAQ,3898937816.43
QQQ,PowerShares QQQ Trust Series 1,NASDAQ,49628164750
PRAH,PRA Health Sciences Inc,NASDAQ,4436116411.14
PVTB,PrivateBancorp Inc,NASDAQ,4800445951.95
PFPT,Proofpoint Inc,NASDAQ,3682645267.46
PTC,PTC Inc,NASDAQ,6461125828.57
QGEN,Qiagen NV,NASDAQ,7423959990
QRVO,Qorvo Inc,NASDAQ,9872152686.39
QCOM,QUALCOMM Incorporated,NASDAQ,87582436727.76
GOLD,Randgold Resources Limited,NASDAQ,3665807695.64
REGN,Regeneron Pharmaceuticals Inc,NASDAQ,49014850973.12
ROST,Ross Stores Inc,NASDAQ,24480373646.1
RGLD,Royal Gold Inc,NASDAQ,5215344053.66
RYAAY,Ryanair Holdings plc,NASDAQ,10317671871.82
SABR,Sabre Corporation,NASDAQ,6384970875.36
SBAC,SBA Communications Corporation,NASDAQ,16237375419.36
SNI,Scripps Networks Interactive Inc,NASDAQ,8853281901.2
STX,Seagate Technology PLC,NASDAQ,12686755737.11
SGEN,Seattle Genetics Inc,NASDAQ,9489226534.53
SEIC,SEI Investments Company,NASDAQ,7937077298.04
SNH,Senior Housing Properties Trust,NASDAQ,5047820178.75
SHPG,Shire plc,NASDAQ,15410142738.9
SBNY,Signature Bank,NASDAQ,7661806851
SLGN,Silgan Holdings Inc,NASDAQ,3435908363.46
SINA,Sina Corporation,NASDAQ,7463622369.72
SBGI,Sinclair Broadcast Group Inc,NASDAQ,3448855536
SIRI,Sirius XM Holdings Inc,NASDAQ,23091829709.85
SWKS,Skyworks Solutions Inc,NASDAQ,19367696663.04
SLM,SLM Corporation,NASDAQ,4703701675.62
LNCE,Snyder&#39;s-Lance Inc,NASDAQ,3567677179.56
SAVE,Spirit Airlines Inc,NASDAQ,3676589330
SPLK,Splunk Inc,NASDAQ,9199597897
SFM,Sprouts Farmers Market Inc,NASDAQ,3304627069.975
SSNC,SS&C Technologies Holdings Inc,NASDAQ,7554433273.8
SPLS,Staples Inc,NASDAQ,5734793801.18
SBUX,Starbucks Corporation,NASDAQ,88667163000
STLD,Steel Dynamics Inc,NASDAQ,8211100341.72
SRCL,Stericycle Inc,NASDAQ,7173606010.17
SIVB,SVB Financial Group,NASDAQ,9271706462.88
SYMC,Symantec Corporation,NASDAQ,17885087119.74
SNPS,Synopsys Inc,NASDAQ,10877165250
TROW,T Rowe Price Group Inc,NASDAQ,17202430431.7
TTWO,Take-Two Interactive Software Inc,NASDAQ,6991219050.12
AMTD,TD Ameritrade Holding Corporation,NASDAQ,19517161762.56
TECD,Tech Data Corporation,NASDAQ,3555793301.85
TSRO,TESARO Inc,NASDAQ,8318331952.63
TSLA,Tesla Inc ,NASDAQ,50967332184.76
TCBI,Texas Capital Bancshares Inc,NASDAQ,3761978414.7
TXN,Texas Instruments Incorporated,NASDAQ,80074544931.18
TXRH,Texas Roadhouse Inc,NASDAQ,3420606113.47
TFSL,TFS Financial Corporation,NASDAQ,4554840889.71
CG,The Carlyle Group LP,NASDAQ,5813537697.225
GT,The Goodyear Tire & Rubber Company,NASDAQ,8010131392.12
HAIN,The Hain Celestial Group Inc,NASDAQ,3864824191.6
KHC,The Kraft Heinz Company,NASDAQ,110999424553.48
MIK,The Michaels Companies Inc,NASDAQ,3776567480
MIDD,The Middleby Corporation,NASDAQ,7545324029.55
PCLN,The Priceline Group Inc ,NASDAQ,89926972197.3
ULTI,The Ultimate Software Group Inc,NASDAQ,6380572066.88
TMUS,T-Mobile US Inc,NASDAQ,55844634144.705
TSCO,Tractor Supply Company,NASDAQ,7235589799.2
TRMB,Trimble Inc,NASDAQ,9019574037.215
TRIP,TripAdvisor Inc,NASDAQ,6068522428.23
FOX,Twenty-First Century Fox Inc,NASDAQ,49973097609
FOXA,Twenty-First Century Fox Inc,NASDAQ,33276718582.545
UBNT,Ubiquiti Networks Inc,NASDAQ,3926712076.52
ULTA,Ulta Beauty Inc,NASDAQ,18321951413.14
UMBF,UMB Financial Corporation,NASDAQ,3535460933.4
UMPQ,Umpqua Holdings Corporation,NASDAQ,3836128730.77
UBSI,United Bankshares Inc,NASDAQ,4047105123.8
UTHR,United Therapeutics Corporation,NASDAQ,5523161702.45
UNIT,Uniti Group Inc,NASDAQ,4349361696.07
OLED,Universal Display Corporation,NASDAQ,5499954773.1
VNQI,Vanguard Global ex-US Real Estate ETF,NASDAQ,4222048506.06
VCIT,Vanguard Intermediate-Term Corporate Bond ETF,NASDAQ,14204904139.44
VMBS,Vanguard Mortgage-Backed Securities ETF,NASDAQ,3939487236.75
VCSH,Vanguard Short-Term Corporate Bond ETF,NASDAQ,18730445216.25
VTIP,Vanguard Short-Term Inflation-Protected Securities Index Fund,NASDAQ,3517943340.565
BNDX,Vanguard Total International Bond ETF,NASDAQ,7237031306.2
VXUS,Vanguard Total International Stock ETF,NASDAQ,8299035797.25
WOOF,VCA Inc ,NASDAQ,7464046877.235
VEON,VEON Ltd,NASDAQ,5259607132.875
VRSN,VeriSign Inc,NASDAQ,9125701967.02
VRSK,Verisk Analytics Inc,NASDAQ,13207355365.76
VRTX,Vertex Pharmaceuticals Incorporated,NASDAQ,29631712994.54
VIA,Viacom Inc,NASDAQ,15366240317.25
VIAB,Viacom Inc,NASDAQ,12244494346.88
VSAT,ViaSat Inc,NASDAQ,3676483675.2
VOD,Vodafone Group Plc,NASDAQ,12893356119.18
VWR,VWR Corporation,NASDAQ,4343287281.38
WBA,Walgreens Boots Alliance Inc,NASDAQ,87924545717.96
WB,Weibo Corporation,NASDAQ,4597551218.52
WEN,Wendy&#39;s Company (The),NASDAQ,3945707997.05
WDC,Western Digital Corporation,NASDAQ,25623505824.12
WFM,Whole Foods Market Inc,NASDAQ,11550558000
WLTW,Willis Towers Watson Public Limited Company,NASDAQ,19013471231.04
WTFC,Wintrust Financial Corporation,NASDAQ,3840456510
WIX,Wixcom Ltd,NASDAQ,3421241794.6
WWD,Woodward Inc,NASDAQ,4115061502.96
WYNN,Wynn Resorts Limited,NASDAQ,12811867601.4
XLNX,Xilinx Inc,NASDAQ,16748336000
YHOO,Yahoo! Inc,NASDAQ,48532779198.05
YNDX,Yandex NV,NASDAQ,9265775494.29
ZBRA,Zebra Technologies Corporation,NASDAQ,5470541038.08
Z,Zillow Group Inc,NASDAQ,7588269079.8
ZG,Zillow Group Inc,NASDAQ,7665550190.7
ZION,Zions Bancorporation,NASDAQ,8146710966.295
MMM,3M Company,NYSE,118558028231.76
WUBA,58com Inc,NYSE,6320621132.72
ABB,ABB Ltd,NYSE,53679142278.56
ABT,Abbott Laboratories,NYSE,75883446921.42
ABBV,AbbVie Inc,NYSE,104150411170.72
ACN,Accenture plc,NYSE,78667165593.66
AYI,Acuity Brands Inc,NYSE,7161615568.04
ADNT,Adient plc,NYSE,6511001333.46
AAP,Advance Auto Parts Inc,NYSE,10878673166.49
ASX,Advanced Semiconductor Engineering Inc,NYSE,10275744187.89
ACM,AECOM,NYSE,5055121874.64
AEG,Aegon NV,NYSE,10717464651.48
AER,Aercap Holdings NV,NYSE,7639892537.42
AET,Aetna Inc,NYSE,46769700000
AMG,Affiliated Managers Group Inc,NYSE,8715650178.36
AFL,Aflac Incorporated,NYSE,29326962114.2
AGCO,AGCO Corporation,NYSE,5091607993.5
A,Agilent Technologies Inc,NYSE,18074634752.4
AEM,Agnico Eagle Mines Limited,NYSE,11348366204.57
AGU,Agrium Inc,NYSE,12680449879.86
AL,Air Lease Corporation,NYSE,3924379520.04
APD,Air Products and Chemicals Inc,NYSE,31202096805.21
ALK,Alaska Air Group Inc,NYSE,10540940762.56
ALB,Albemarle Corporation,NYSE,12246988007.04
AA,Alcoa Corporation,NYSE,6072556069.12
ALR,Alere Inc,NYSE,4230069231.96
ARE,Alexandria Real Estate Equities Inc,NYSE,10737553506.3
AQN,Algonquin Power & Utilities Corp,NYSE,3916477347.84
BABA,Alibaba Group Holding Limited,NYSE,311875000000
Y,Alleghany Corporation,NYSE,8850557219.04
ALLE,Allegion plc,NYSE,7571495008.04
AGN,Allergan plc,NYSE,73729529767.04
ALE,Allete Inc,NYSE,3578101209.36
ADS,Alliance Data Systems Corporation,NYSE,13265908368.23
LNT,Alliant Energy Corporation,NYSE,9199503965.64
AWH,Allied World Assurance Company Holdings AG,NYSE,4600818532.35
ALSN,Allison Transmission Holdings Inc,NYSE,5699068143.12
ALL,Allstate Corporation (The),NYSE,30907486900.93
ALLY,Ally Financial Inc,NYSE,8664984666.12
MO,Altria Group,NYSE,139155737281.48
ACH,Aluminum Corporation of China Limited,NYSE,6945169972.85
ABEV,Ambev SA,NYSE,88407332630
AEE,Ameren Corporation,NYSE,13689455303.16
AMOV,America Movil SAB de CV,NYSE,51618531000
AMX,America Movil SAB de CV,NYSE,52276511000
ACC,American Campus Communities Inc,NYSE,6329627213.86
AEP,American Electric Power Company Inc,NYSE,34134651968.82
AXP,American Express Company,NYSE,68803121738.28
AFG,American Financial Group Inc,NYSE,8618212155.96
AMH,American Homes 4 Rent,NYSE,5775857384.53
AIG,American International Group Inc,NYSE,56823892357.32
AMT,American Tower Corporation (REIT),NYSE,54711466627.23
AWK,American Water Works,NYSE,13608456292.62
APU,AmeriGas Partners LP,NYSE,4079929385.07
AMP,AMERIPRISE FINANCIAL SERVICES INC,NYSE,19073508304.77
ABC,AmerisourceBergen Corporation (Holding Co),NYSE,19538505349.16
APH,Amphenol Corporation,NYSE,22493306320
AME,AMTEK Inc,NYSE,13939953968.46
APC,Anadarko Petroleum Corporation,NYSE,29894093119
AU,AngloGold Ashanti Limited,NYSE,4822309179.92
BUD,Anheuser-Busch Inbev SA,NYSE,190448036113.52
NLY,Annaly Capital Management Inc,NYSE,11840593615.2
AMGP,Antero Midstream GP LP,NYSE,4078989366.83
AM,Antero Midstream Partners LP,NYSE,6333495155.52
AR,Antero Resources Corporation,NYSE,6838905507.28
ANTM,Anthem Inc,NYSE,46770066065
ANTX,Anthem Inc,NYSE,13461299468
AON,Aon plc,NYSE,33641927825.55
APA,Apache Corporation,NYSE,19029478497.9
AIV,Apartment Investment and Management Company,NYSE,6775510001.2
APO,Apollo Global Management LLC,NYSE,10958116738.56
APLE,Apple Hospitality REIT Inc,NYSE,4197800811.8
ATR,AptarGroup Inc,NYSE,5171598064.2
WTR,Aqua America Inc,NYSE,5677925006.26
ARMK,Aramark,NYSE,9000489152.94
MT,ArcelorMittal,NYSE,23186993205.87
ADM,Archer-Daniels-Midland Company,NYSE,23586820563
ARNC,Arconic Inc,NYSE,12180035697.66
ARD,Ardagh Group SA,NYSE,5246287280
ARES,Ares Management LP,NYSE,3959177333.1
ANET,Arista Networks Inc,NYSE,10307927163.1
ARW,Arrow Electronics Inc,NYSE,6617006530.4
AJG,Arthur J Gallagher & Co,NYSE,10101252780
ASH,Ashland Global Holdings Inc,NYSE,3950981874.63
ASB,Associated Banc-Corp,NYSE,3701372452.2
AIZ,Assurant Inc,NYSE,5456336720.82
AGO,Assured Guaranty Ltd,NYSE,4702184450
AZN,Astrazeneca PLC,NYSE,85961400000
T,AT&T Inc,NYSE,235161000000
ATH,Athene Holding Ltd,NYSE,10248394735.48
ATO,Atmos Energy Corporation,NYSE,8584159909.27
AUO,AU Optronics Corp,NYSE,3695710122.24
ATHM,Autohome Inc,NYSE,4898979047.76
ALV,Autoliv Inc,NYSE,9431356954.28
AN,AutoNation Inc,NYSE,4011976945.34
AZO,AutoZone Inc,NYSE,18734231353.5
AVB,AvalonBay Communities Inc,NYSE,26450792433.81
AGR,Avangrid Inc,NYSE,13731948599.13
AVY,Avery Dennison Corporation,NYSE,7367104747.44
AVT,Avnet Inc,NYSE,4622278452.82
AXTA,Axalta Coating Systems Ltd,NYSE,7604391342.06
AXS,Axis Capital Holdings Limited,NYSE,5338683666.72
AZUL,Azul SA,NYSE,6292189986.08
BHI,Baker Hughes Incorporated,NYSE,24676895470
BLL,Ball Corporation,NYSE,14109444544.16
BBVA,Banco Bilbao Viscaya Argentaria SA,NYSE,54108909594.08
BBDO,Banco Bradesco Sa,NYSE,49106543637.27
BCH,Banco De Chile,NYSE,12362496475.1
BSBR,Banco Santander Brasil SA,NYSE,56626435830
BSAC,Banco Santander Chile,NYSE,11330321762.5
SAN,Banco Santander SA,NYSE,94056097521.45
CIB,BanColombia SA,NYSE,10652234025
BAC,Bank of America Corporation,NYSE,229291750748.16
BOH,Bank of Hawaii Corporation,NYSE,3359353068.5
BMO,Bank Of Montreal,NYSE,45221829278.2
BK,Bank Of New York Mellon Corporation (The),NYSE,48666244536
BNS,Bank of Nova Scotia (The),NYSE,67316453161.02
BKU,BankUnited Inc,NYSE,3602288447.04
BCS,Barclays PLC,NYSE,47280208969.06
ABX,Barrick Gold Corporation,NYSE,19678279366.72
BAX,Baxter International Inc,NYSE,31342524422.1
BBT,BB&T Corporation,NYSE,34402097158.4
BCE,BCE Inc,NYSE,40584106884.48
BDX,Becton Dickinson and Company,NYSE,39416188110.84
BMS,Bemis Company Inc,NYSE,4061473859.03
BERY,Berry Global Group Inc,NYSE,7324520000
BBY,Best Buy Co Inc,NYSE,15908480592.75
BHP,BHP Billiton Limited,NYSE,98172460212.75
BBL,BHP Billiton plc,NYSE,84839740623
BIO,Bio-Rad Laboratories Inc,NYSE,6488090250.75
BKH,Black Hills Corporation,NYSE,3642888755.5
BKFS,Black Knight Financial Services Inc,NYSE,6032437242
BLK,BlackRock Inc,NYSE,64060993711.52
BWP,Boardwalk Pipeline Partners LP,NYSE,4612969692.26
BA,Boeing Company (The),NYSE,110859720800.64
BAH,Booz Allen Hamilton Holding Corporation,NYSE,5773209249.5
BWA,BorgWarner Inc,NYSE,8779524438.3
BXP,Boston Properties Inc,NYSE,18621353134.02
BSX,Boston Scientific Corporation,NYSE,36699966444.4
BP,BP plc,NYSE,121133492467.68
BAK,Braskem SA,NYSE,7662851531.37
BRFS,BRF SA,NYSE,10619025325.22
BFAM,Bright Horizons Family Solutions Inc,NYSE,4594915353.6
BMY,Bristol-Myers Squibb Company,NYSE,89126204177.8
BRX,Brixmor Property Group Inc,NYSE,5674062210.07
BR,Broadridge Financial Solutions Inc,NYSE,8717237887.38
BAM,Brookfield Asset Management Inc,NYSE,37563699998
BIP,Brookfield Infrastructure Partners LP,NYSE,10731466572.96
BPY,Brookfield Property Partners LP,NYSE,5703775885.08
BEP,Brookfield Renewable Partners LP,NYSE,5492244440.9
BRO,Brown & Brown Inc,NYSE,5954424610.95
BC,Brunswick Corporation,NYSE,4892218670.46
BT,BT Group plc,NYSE,41213828616.73
BPL,Buckeye Partners LP,NYSE,9350708899.44
BG,Bunge Limited,NYSE,9837486969.31
BURL,Burlington Stores Inc,NYSE,6749766278.45
BWXT,BWX Technologies Inc,NYSE,4794850020.85
BCR,CR Bard Inc,NYSE,22257051306.66
CAB,Cabela&#39;s Inc,NYSE,3632176417.38
CABO,Cable One Inc,NYSE,3940202600.69
COG,Cabot Oil & Gas Corporation,NYSE,10930489079.8
CAE,CAE Inc,NYSE,4254231517.9
CAA,CalAtlantic Group Inc,NYSE,4272004837.77
CPN,Calpine Corporation,NYSE,4834631881.6
CPT,Camden Property Trust,NYSE,7233028483.59
CCJ,Cameco Corporation,NYSE,3942093519.12
CPB,Campbell Soup Company,NYSE,17498758195.85
CM,Canadian Imperial Bank of Commerce,NYSE,31558833000.24
CNI,Canadian National Railway Company,NYSE,57314578691.34
CNQ,Canadian Natural Resources Limited,NYSE,34623515958.64
CP,Canadian Pacific Railway Limited,NYSE,23019565506.98
CAJ,Canon Inc,NYSE,37119396894.36
COF,Capital One Financial Corporation,NYSE,38458791449.49
CAH,Cardinal Health Inc,NYSE,23087855944.95
CSL,Carlisle Companies Incorporated,NYSE,6486359784.63
KMX,CarMax Inc,NYSE,12044186660.94
CCL,Carnival Corporation,NYSE,44846844622.9
CUK,Carnival Corporation,NYSE,45269469151.2
CRI,Carter&#39;s Inc,NYSE,3966556333.74
CTLT,Catalent Inc,NYSE,4269890102.34
CAT,Caterpillar Inc,NYSE,60264874644.5
CBG,CBRE Group Inc,NYSE,11528279134.2
CBS,CBS Corporation,NYSE,25189612490.4
FUN,Cedar Fair LP,NYSE,3953928270.26
CE,Celanese Corporation,NYSE,12017251187.46
CX,Cemex SAB de CV,NYSE,4133497602.4
CNCO,Cencosud SA,NYSE,7652515435.64
CVE,Cenovus Energy Inc,NYSE,11869201727.46
CNC,Centene Corporation,NYSE,12751995576.06
CNP,CenterPoint Energy Inc,NYSE,11937722799.4
EBR,Centrais Electricas Brasileiras SA- Eletrobras,NYSE,5085904216
CTL,CenturyLink Inc,NYSE,13692860971.85
CF,CF Industries Holdings Inc,NYSE,6596792588.61
GIB,CGI Group Inc,NYSE,12840399059.08
CRL,Charles River Laboratories International Inc,NYSE,4306122383.13
CC,Chemours Company (The),NYSE,8062904436.81
CHK,Chesapeake Energy Corporation,NYSE,5203225199.25
CVX,Chevron Corporation,NYSE,201050879008.28
CIM,Chimera Investment Corporation,NYSE,3430731264.03
CEA,China Eastern Airlines Corporation Ltd,NYSE,8177079409.38
LFC,China Life Insurance Company Limited,NYSE,90447056000
CHL,China Mobile (Hong Kong) Ltd,NYSE,228055928484.51
SNP,China Petroleum & Chemical Corporation,NYSE,98527750372.48
ZNH,China Southern Airlines Company Limited,NYSE,6997961757.6
CHA,China Telecom Corp Ltd,NYSE,39932030519.22
CHU,China Unicom (Hong Kong) Ltd,NYSE,32017247403.96
CMG,Chipotle Mexican Grill Inc,NYSE,13838224736.49
CHH,Choice Hotels International Inc,NYSE,3660668299.15
CHT,Chunghwa Telecom Co Ltd,NYSE,27251909695.02
CHD,Church & Dwight Company Inc,NYSE,12467730098
CIEN,Ciena Corporation,NYSE,3450969198.6
CI,Cigna Corporation,NYSE,40795929537.65
XEC,Cimarex Energy Co,NYSE,11027844373.05
CNK,Cinemark Holdings Inc,NYSE,4758185654.11
CIT,CIT Group Inc (DEL),NYSE,9595532081.38
C,Citigroup Inc,NYSE,168113921084.82
CFG,Citizens Financial Group Inc,NYSE,17511303551.37
CLH,Clean Harbors Inc,NYSE,3341034040.8
CLX,Clorox Company (The),NYSE,17074782544.23
CMS,CMS Energy Corporation,NYSE,13032669916.23
CNA,CNA Financial Corporation,NYSE,12061324607.08
CNHI,CNH Industrial NV,NYSE,15115468927.21
CNO,CNO Financial Group Inc,NYSE,3481049923.84
COH,Coach Inc,NYSE,12858823947.86
KOF,Coca Cola Femsa SAB de CV,NYSE,16044246000
KO,Coca-Cola Company (The),NYSE,188761668592.78
CCE,Coca-Cola European Partners plc,NYSE,19646717025.32
CFX,Colfax Corporation,NYSE,4945499393.38
CL,Colgate-Palmolive Company,NYSE,65610991041
CLNS,Colony NorthStar Inc,NYSE,7564873286.88
SFR,Colony Starwood Homes,NYSE,3896308956.39
CMA,Comerica Incorporated,NYSE,12144904955.04
CBD,Companhia Brasileira de Distribuicao,NYSE,5335929452.7
SBS,Companhia de saneamento Basico Do Estado De Sao Paulo - Sabesp,NYSE,5734647800.91
CCU,Compania Cervecerias Unidas SA,NYSE,4794299764.2
CAG,ConAgra Brands Inc,NYSE,16194590363.16
CXO,Concho Resources Inc,NYSE,19563207247.5
CNDT,Conduent Incorporated,NYSE,3512388794.56
COP,ConocoPhillips,NYSE,58057288514.29
CNX,CONSOL Energy Inc,NYSE,3689988734.92
ED,Consolidated Edison Inc,NYSE,24720502985.95
STZ,Constellation Brands Inc,NYSE,35870590770.3
CLR,Continental Resources Inc,NYSE,15821803078.39
COO,Cooper Companies Inc (The),NYSE,10635790013.22
CPA,Copa Holdings SA,NYSE,4615916778.4
CLB,Core Laboratories NV,NYSE,4754513905.86
CXW,CoreCivic Inc,NYSE,3592930491.58
CLGX,CoreLogic Inc,NYSE,3595601420.64
COR,CoreSite Realty Corporation,NYSE,3483502410.29
GLW,Corning Incorporated,NYSE,26971988987.37
OFC,Corporate Office Properties Trust,NYSE,3338973907.8
COTV,Cotiviti Holdings Inc,NYSE,3574353252.4
COTY,Coty Inc,NYSE,14063077024.92
CUZ,Cousins Properties Incorporated,NYSE,3585755050.08
CPL,CPFL Energia SA,NYSE,8036436919.67
CR,Crane Company,NYSE,4580851400.34
BAP,Credicorp Ltd,NYSE,16416860218.98
CS,Credit Suisse Group,NYSE,31445409378.17
CPG,Crescent Point Energy Corporation,NYSE,5299345331.84
CRH,CRH PLC,NYSE,30307025707.2
CCI,Crown Castle International Corporation,NYSE,36577923613.94
CCK,Crown Holdings Inc,NYSE,7668499350.75
CSRA,CSRA Inc,NYSE,4736720411.28
CST,CST Brands Inc,NYSE,3673239259.86
CUBE,CubeSmart,NYSE,4527851050.73
CFR,Cullen/Frost Bankers Inc,NYSE,5843150514.99
CMI,Cummins Inc,NYSE,26101665861.83
CW,Curtiss-Wright Corporation,NYSE,3768401414.31
CVS,CVS Health Corporation,NYSE,77774840683.32
DHI,DR Horton Inc,NYSE,12735823971.03
CB,D/B/A Chubb Limited New,NYSE,65257496699.2
DHR,Danaher Corporation,NYSE,57549514736.28
DRI,Darden Restaurants Inc,NYSE,10867198796.6
DVA,DaVita Inc,NYSE,12590620000
DCP,DCP Midstream LP,NYSE,5272092647.12
DCT,DCT Industrial Trust Inc,NYSE,4827407983.54
DDR,DDR Corp,NYSE,3336726975.75
DE,Deere & Company,NYSE,38738242673.34
DVMT,Dell Technologies Inc,NYSE,13780773283.38
DLPH,Delphi Automotive plc,NYSE,23333262898.4
DAL,Delta Air Lines Inc,NYSE,35690677210.37
DLX,Deluxe Corporation,NYSE,3305367888.45
DB,Deutsche Bank AG,NYSE,39510814776.96
DVN,Devon Energy Corporation,NYSE,20018656000
DEO,Diageo plc,NYSE,76267892484.74
DKS,Dick&#39;s Sporting Goods Inc,NYSE,4668040118.94
DLR,Digital Realty Trust Inc,NYSE,18514717150.2
DFS,Discover Financial Services,NYSE,22701189383.95
DLB,Dolby Laboratories,NYSE,5218944370.2
DG,Dollar General Corporation,NYSE,19915938078.75
D,Dominion Energy Inc,NYSE,50130164593.8
DCUC,Dominion Energy Inc,NYSE,31832969009.94
DPZ,Domino&#39;s Pizza Inc,NYSE,9561404505.56
DCI,Donaldson Company Inc,NYSE,6220769307.61
DEI,Douglas Emmett Inc,NYSE,5928333676.2
DOV,Dover Corporation,NYSE,12943935305.55
DOW,Dow Chemical Company (The),NYSE,74499432902.26
DPS,Dr Pepper Snapple Group Inc,NYSE,16813514784.69
RDY,Dr Reddy&#39;s Laboratories Ltd,NYSE,6711928717.5
DST,DST Systems Inc,NYSE,3691592560.54
DTE,DTE Energy Company,NYSE,19201629864.96
DUK,Duke Energy Corporation,NYSE,58860204704.8
DRE,Duke Realty Corporation,NYSE,10212636675.28
DNB,Dun & Bradstreet Corporation (The),NYSE,3892675489
DFT,Dupont Fabros Technology Inc,NYSE,4078615308
DXC,DXC Technology Company,NYSE,22222746271.44
DY,Dycom Industries Inc,NYSE,3401428469
DD,EI du Pont de Nemours and Company,NYSE,67090936160
EXP,Eagle Materials Inc,NYSE,4784395681.14
EMN,Eastman Chemical Company,NYSE,11520336950
ETN,Eaton Corporation PLC,NYSE,34755210000
EV,Eaton Vance Corporation,NYSE,5197287300.4
ECL,Ecolab Inc,NYSE,37073602900.18
EC,Ecopetrol SA,NYSE,20188297087.88
EIX,Edison International,NYSE,25709762265.46
EW,Edwards Lifesciences Corporation,NYSE,23936401337.91
LLY,Eli Lilly and Company,NYSE,84938865436.14
ELLI,Ellie Mae Inc,NYSE,3733308743.74
ERJ,Embraer-Empresa Brasileira de Aeronautica,NYSE,3612193508.77
EME,EMCOR Group Inc,NYSE,3734643045.9
EMR,Emerson Electric Company,NYSE,38320788648.72
ESRT,Empire State Realty Trust Inc,NYSE,6551590641
ENBL,Enable Midstream Partners LP,NYSE,7030633709.22
EEP,Enbridge Energy LP,NYSE,7647178396.55
ENB,Enbridge Inc,NYSE,65119988514.56
ECA,Encana Corporation,NYSE,10976841404.64
ENIA,Enel Americas SA,NYSE,10686191319
ENIC,Enel Chile SA,NYSE,5380567893.4
EOCC,Enel Generacion Chile SA,NYSE,6364561546.32
EGN,Energen Corporation,NYSE,5563065046.32
ENR,Energizer Holdings Inc,NYSE,3288276706.44
EPC,Energizer Holdings Inc,NYSE,4169354929.42
ETE,Energy Transfer Equity LP,NYSE,19932547504.1
ETP,Energy Transfer Partners LP,NYSE,32059843416.82
ENS,Enersys,NYSE,3493953878.05
E,ENI SpA,NYSE,61599441343.5
ENLK,EnLink Midstream Partners LP,NYSE,6052518309.29
ENLC,EnLink Midstream LLC,NYSE,3286150030.8
ETR,Entergy Corporation,NYSE,13704015894.92
EPD,Enterprise Products Partners LP,NYSE,58529621712.69
EVHC,Envision Healthcare Corporation,NYSE,6547656578.22
EOG,EOG Resources Inc,NYSE,53749466310.6
EPAM,EPAM Systems Inc,NYSE,4298016841.77
EPR,EPR Properties,NYSE,5235719319.9
EQT,EQT Corporation,NYSE,9794087160
EQGP,EQT GP Holdings LP,NYSE,7186455000
EQM,EQT Midstream Partners LP,NYSE,5971108267.8
EFX,Equifax Inc,NYSE,16505079453.5
EQC,Equity Commonwealth,NYSE,3843508761.1
ELS,Equity Lifestyle Properties Inc,NYSE,7310394831.42
EQR,Equity Residential,NYSE,23997248447.04
ESNT,Essent Group Ltd,NYSE,3361666896
ESS,Essex Property Trust Inc,NYSE,16700821914.28
EL,Estee Lauder Companies Inc (The),NYSE,34190015445.3
RE,Everest Re Group Ltd,NYSE,10019673705.42
ES,Eversource Energy,NYSE,19247643977.92
EXC,Exelon Corporation,NYSE,32904214329.8
EXCU,Exelon Corporation,NYSE,47740282823
STAY,Extended Stay America Inc,NYSE,3481797370.74
EXR,Extra Space Storage Inc,NYSE,9767283685.62
XOM,Exxon Mobil Corporation,NYSE,348684578241.87
FNB,FNB Corporation,NYSE,4358624490.43
FDS,FactSet Research Systems Inc,NYSE,6361070769.69
FICO,Fair Isaac Corporation,NYSE,4087086716.76
FRT,Federal Realty Investment Trust,NYSE,9136757605.92
FDX,FedEx Corporation,NYSE,51242409934.1
RACE,Ferrari NV,NYSE,20703083731.75
FCAU,Fiat Chrysler Automobiles NV,NYSE,20941197724.92
FBR,Fibria Celulose SA,NYSE,5837158500
FNF,Fidelity National Financial Inc,NYSE,14131044447.52
FNFV,Fidelity National Financial Inc,NYSE,4572605466
FIS,Fidelity National Information Services Inc,NYSE,27778824366.75
FAF,First American Corporation (The),NYSE,4743954939.32
FDC,First Data Corporation,NYSE,15329685812.16
FHN,First Horizon National Corporation,NYSE,4029808397.5
FR,First Industrial Realty Trust Inc,NYSE,3371597197.5
FRC,FIRST REPUBLIC BANK,NYSE,14280602826.14
FE,FirstEnergy Corporation,NYSE,12619965998.16
FLT,FleetCor Technologies Inc,NYSE,12645787748.67
FND,Floor & Decor Holdings Inc,NYSE,3350769173.56
FLO,Flowers Foods Inc,NYSE,3900072438.56
FLS,Flowserve Corporation,NYSE,6414663337.92
FLR,Fluor Corporation,NYSE,6409015841.55
FMC,FMC Corporation,NYSE,9995173898.93
FMX,Fomento Economico Mexicano SAB de CV,NYSE,33034184924.64
FL,Foot Locker Inc,NYSE,7909413572.97
F,Ford Motor Company,NYSE,44200048007.7
FTS,Fortis Inc,NYSE,13452291024.48
FTV,Fortive Corporation,NYSE,21628425624
FBHS,Fortune Brands Home & Security Inc,NYSE,9702971164.39
FNV,Franco-Nevada Corporation,NYSE,13020046224.4
BEN,Franklin Resources Inc,NYSE,23642651190.6
FCX,Freeport-McMoran Inc,NYSE,17115796252.1
FMS,Fresenius Medical Care Corporation,NYSE,28210589558.4
GPS,Gap Inc (The),NYSE,8900910547.52
GDI,Gardner Denver Holdings Inc,NYSE,4342971156.72
IT,Gartner Inc,NYSE,10294804266.32
GD,General Dynamics Corporation,NYSE,59658297342
GE,General Electric Company,NYSE,244714077340
GIS,General Mills Inc,NYSE,32672638647.42
GM,General Motors Company,NYSE,49728801391
GWR,Genesee & Wyoming Inc,NYSE,4020934635.6
GEL,Genesis Energy LP,NYSE,3893115963.68
G,Genpact Limited,NYSE,5165528748
GPC,Genuine Parts Company,NYSE,13628050996.74
GEO,Geo Group Inc (The),NYSE,3779988488.85
GGB,Gerdau SA,NYSE,4819752087.72
GGP,GGP Inc,NYSE,20123517940.8
GIL,Gildan Activewear Inc,NYSE,6305605401.93
GSK,GlaxoSmithKline PLC,NYSE,106474700000
GPN,Global Payments Inc,NYSE,13987374656.97
GDDY,GoDaddy Inc,NYSE,6920019712.4
GOL,Gol Linhas Aereas Inteligentes SA,NYSE,5777978473.3
GG,Goldcorp Inc,NYSE,11996052488.25
GS,Goldman Sachs Group Inc (The),NYSE,85032132544.66
GGG,Graco Inc,NYSE,6151828480
GHC,Graham Holdings Company,NYSE,3349141183.7
GPT,Gramercy Property Trust,NYSE,4395205806.54
GPK,Graphic Packaging Holding Company,NYSE,4034121478.74
GXP,Great Plains Energy Inc,NYSE,6205125023.68
GEF,Greif Bros Corporation,NYSE,3342756851.16
GRUB,GrubHub Inc,NYSE,3718821319.56
PAC,Grupo Aeroportuario Del Pacifico SA de CV,NYSE,5816448000
ASR,Grupo Aeroportuario del Sureste SA de CV,NYSE,5763300000
AVAL,Grupo Aval Acciones y Valores SA,NYSE,9335746181.66
BSMX,Grupo Financiero Santander Mexico SA B de CV,NYSE,12609121742.78
TV,Grupo Televisa SA,NYSE,14157569738.13
GSH,Guangshen Railway Company Limited,NYSE,3799609246.8
GWRE,Guidewire Software Inc,NYSE,4694243416.32
HRB,H&R Block Inc,NYSE,5346988348.53
HAL,Halliburton Company,NYSE,40893960186
HBI,Hanesbrands Inc,NYSE,7556151074.25
HOG,Harley-Davidson Inc,NYSE,9268275125.7
HRS,Harris Corporation,NYSE,13023866666.85
HIG,Hartford Financial Services Group Inc (The),NYSE,17927212115.2
HE,Hawaiian Electric Industries Inc,NYSE,3509377182.85
HCA,HCA Healthcare Inc,NYSE,30203586672
HCP,HCP Inc,NYSE,14938076252.64
HDB,HDFC Bank Limited,NYSE,72007492379.92
HR,Healthcare Realty Trust Incorporated,NYSE,3926458578.8
HTA,Healthcare Trust of America Inc,NYSE,6291394738.7
HLS,HealthSouth Corporation,NYSE,4159616775.12
HEI,Heico Corporation,NYSE,7821054274.96
HP,Helmerich & Payne Inc,NYSE,6500990403.12
HLF,Herbalife LTD,NYSE,6851054049.12
HSY,Hershey Company (The),NYSE,23995955933.46
HES,Hess Corporation,NYSE,15653720196.16
HPE,Hewlett Packard Enterprise Company,NYSE,31148267742.9
HXL,Hexcel Corporation,NYSE,4586238980.12
HIW,Highwoods Properties Inc,NYSE,5163216561.51
HRC,Hill-Rom Holdings Inc,NYSE,4964735732
HGV,Hilton Grand Vacations Inc,NYSE,3519840266.98
HLT,Hilton Worldwide Holdings Inc,NYSE,21452974083
HFC,HollyFrontier Corporation,NYSE,4726493187.65
HD,Home Depot Inc (The),NYSE,187334315212.52
HMC,Honda Motor Company Ltd,NYSE,49995258157.3
HON,Honeywell International Inc,NYSE,100506662487.04
HRL,Hormel Foods Corporation,NYSE,18623035955.02
HST,Host Hotels & Resorts Inc,NYSE,13396788016.85
HHC,Howard Hughes Corporation (The),NYSE,5161136512
HPQ,HP Inc,NYSE,32310843523.14
HRG,HRG Group Inc,NYSE,3553628587.28
HSBC,HSBC Holdings plc,NYSE,175262968302.8
HNP,Huaneng Power International Inc,NYSE,11297684991.78
HUBB,Hubbell Inc,NYSE,6305001763.1
HPP,Hudson Pacific Properties Inc,NYSE,5157499364.9
HUM,Humana Inc,NYSE,33235727227.5
HII,Huntington Ingalls Industries Inc,NYSE,9016609255.92
HUN,Huntsman Corporation,NYSE,6269429995.55
H,Hyatt Hotels Corporation,NYSE,7328422696
IBN,ICICI Bank Limited,NYSE,27552851852.44
IDA,IDACORP Inc,NYSE,4248942137.6
IEX,IDEX Corporation,NYSE,8153501145.15
ITW,Illinois Tool Works Inc,NYSE,47623878030.78
INFY,Infosys Limited,NYSE,34399058536.5
ING,ING Group NV,NYSE,65973006427.23
IR,Ingersoll-Rand plc (Ireland),NYSE,22844872416.67
INGR,Ingredion Incorporated,NYSE,8275968320
ICE,Intercontinental Exchange Inc,NYSE,35204283068.46
IHG,Intercontinental Hotels Group,NYSE,10152155498.51
IFF,Internationa Flavors & Fragrances Inc,NYSE,10728234123.75
IBM,International Business Machines Corporation,NYSE,143404804373.76
IGT,International Game Technology,NYSE,4287467400
IP,International Paper Company,NYSE,21334491898.37
IPG,Interpublic Group of Companies Inc (The),NYSE,9727611425.22
IVZ,Invesco Plc,NYSE,12958385289.85
INVH,Invitation Homes Inc,NYSE,6725861658.78
IRM,Iron Mountain Incorporated,NYSE,9193896130.82
ICL,Israel Chemicals Shs,NYSE,5501240499.17
ITCB,Ita? CorpBanca,NYSE,4782463084
ITUB,Itau Unibanco Banco Holding SA,NYSE,68708985073.85
ITT,ITT Inc,NYSE,3456639000
JPM,J P Morgan Chase & Co,NYSE,300851425868.68
SJM,JM Smucker Company (The),NYSE,14783367896.16
JBL,Jabil Circuit Inc,NYSE,5293714871.28
JEC,Jacobs Engineering Group Inc,NYSE,6368066966.96
JHX,James Hardie Industries plc,NYSE,6656706332.9
JNJ,Johnson & Johnson,NYSE,342817197888.06
JCI,Johnson Controls International plc,NYSE,40000951343.6
JLL,Jones Lang LaSalle Incorporated,NYSE,5138266423.8
JNPR,Juniper Networks Inc,NYSE,11321518672.77
KSU,Kansas City Southern,NYSE,9614109973.14
KAR,KAR Auction Services Inc,NYSE,6004419995.2
KB,KB Financial Group Inc,NYSE,18789260313.12
K,Kellogg Company,NYSE,24978301503.42
KEY,KeyCorp,NYSE,19412061062.24
KEYS,Keysight Technologies Inc,NYSE,6952114285.88
KRC,Kilroy Realty Corporation,NYSE,7150118732.25
KMB,Kimberly-Clark Corporation,NYSE,45104265997.92
KIM,Kimco Realty Corporation,NYSE,7746922474.2
KMI,Kinder Morgan Inc,NYSE,43554951145.96
KGC,Kinross Gold Corporation,NYSE,5273900926.47
KEX,Kirby Corporation,NYSE,3615701700
KKR,KKR & Co LP,NYSE,8718742482.88
KSS,Kohl&#39;s Corporation,NYSE,6552986297.88
PHG,Koninklijke Philips NV,NYSE,32881461480
KEP,Korea Electric Power Corporation,NYSE,23624278033.6
KR,Kroger Company (The),NYSE,26721027961.92
KT,KT Corporation,NYSE,7937081233.2
KYO,Kyocera Corporation,NYSE,21581039758.27
LB,L Brands Inc,NYSE,14340137681.5
LLL,L3 Technologies Inc,NYSE,12886362953.39
LH,Laboratory Corporation of America Holdings,NYSE,14352690000
LW,Lamb Weston Holdings Inc,NYSE,6511736315.64
LVS,Las Vegas Sands Corp,NYSE,45713863830.8
LTM,LATAM Airlines Group SA,NYSE,6694740930.72
LAZ,Lazard Ltd,NYSE,5414403989.76
LEA,Lear Corporation,NYSE,10013603869.44
LM,Legg Mason Inc,NYSE,3715651745.94
LEG,Leggett & Platt Incorporated,NYSE,6787364849.1
LDOS,Leidos Holdings Inc,NYSE,8060664459.51
LEN,Lennar Corporation,NYSE,12297588546
LII,Lennox International Inc,NYSE,7497334446.95
LUK,Leucadia National Corporation,NYSE,8883915851.58
LVLT,Level 3 Communications Inc,NYSE,21563984308.23
LPL,LG Display Co Ltd,NYSE,9446334480
LPT,Liberty Property Trust,NYSE,6020990432
LSI,Life Storage Inc,NYSE,3522541884.4
LNC,Lincoln National Corporation,NYSE,14605011556.96
LN,LINE Corporation,NYSE,7594798620
LYV,Live Nation Entertainment Inc,NYSE,6974322881.28
LYG,Lloyds Banking Group Plc,NYSE,67881923587.6
LMT,Lockheed Martin Corporation,NYSE,80184408972.59
L,Loews Corporation,NYSE,15612876887.07
LPX,Louisiana-Pacific Corporation,NYSE,3334970972.16
LOW,Lowe&#39;s Companies Inc,NYSE,72058831757.9
LUX,Luxottica Group SpA,NYSE,28604307391.65
LYB,LyondellBasell Industries NV,NYSE,32342921552.7
MTB,M&T Bank Corporation,NYSE,24425889680
MAC,Macerich Company (The),NYSE,8302601488.32
MIC,Macquarie Infrastructure Company,NYSE,6497986729.32
BMA,Macro Bank Inc,NYSE,4986907123.62
M,Macy&#39;s Inc,NYSE,7128345000
MMP,Magellan Midstream Partners LP,NYSE,16976428194.2
MGA,Magna International Inc,NYSE,17271659509.62
MNK,Mallinckrodt plc,NYSE,3977837223.36
MAN,ManpowerGroup,NYSE,6974198015.62
MFC,Manulife Financial Corp,NYSE,34197629628.1
MRO,Marathon Oil Corporation,NYSE,12273880740.04
MPC,Marathon Petroleum Corporation,NYSE,27482707504.98
MKL,Markel Corporation,NYSE,13337116315.2
MMC,Marsh & McLennan Companies Inc,NYSE,38423175380.13
MLM,Martin Marietta Materials Inc,NYSE,14550889809.61
MAS,Masco Corporation,NYSE,11877106176.62
MTZ,MasTec Inc,NYSE,3457220232.4
MA,Mastercard Incorporated,NYSE,131957207900
MMS,Maximus Inc,NYSE,4097406900.51
MKC,McCormick & Company Incorporated,NYSE,12750867229.17
MCD,McDonald&#39;s Corporation,NYSE,120785248195.92
MCK,McKesson Corporation,NYSE,32957200171.68
MDU,MDU Resources Group Inc,NYSE,5206814664.16
MJN,Mead Johnson Nutrition Company,NYSE,16347633512.16
MPW,Medical Properties Trust Inc,NYSE,4802906794.14
MD,Mednax Inc,NYSE,5035866587.18
MDT,Medtronic plc,NYSE,114972650394.09
MRK,Merck & Company Inc,NYSE,175159935220.4
MET,MetLife Inc,NYSE,53958047923.85
MTD,Mettler-Toledo International Inc,NYSE,14713372751
MTG,MGIC Investment Corporation,NYSE,3939016243.43
MGM,MGM Resorts International,NYSE,18144525509.88
KORS,Michael Kors Holdings Limited,NYSE,5989347592.44
MAA,Mid-America Apartment Communities Inc,NYSE,11364367932.04
MTU,Mitsubishi UFJ Financial Group Inc,NYSE,83668549824.16
MFG,Mizuho Financial Group Inc,NYSE,44898377886.3
MBT,Mobile TeleSystems OJSC,NYSE,9129094730.24
MBLY,Mobileye NV,NYSE,13724540814.39
MHK,Mohawk Industries Inc,NYSE,17211033473.72
MOH,Molina Healthcare Inc,NYSE,3810147360
TAP,Molson Coors Brewing  Company,NYSE,15491194442.25
MON,Monsanto Company,NYSE,50901686588
MCO,Moody&#39;s Corporation,NYSE,21993761000
MS,Morgan Stanley,NYSE,77061923744.1
MOS,Mosaic Company (The),NYSE,8108496627
MSI,Motorola Solutions Inc,NYSE,13556472311.01
MPLX,MPLX LP,NYSE,13453025099.52
MSM,MSC Industrial Direct Company Inc,NYSE,4906356077
MSCI,MSCI Inc,NYSE,8987699913.12
MSG,MSG Networks Inc,NYSE,4652957439.03
MUR,Murphy Oil Corporation,NYSE,4619060355.19
NFG,National Fuel Gas Company,NYSE,4828626232.21
NGG,National Grid Transco PLC,NYSE,49912460573.96
NOV,National Oilwell Varco Inc,NYSE,13282453675.35
NNN,National Retail Properties,NYSE,5658351491.8
NCR,NCR Corporation,NYSE,4882325000
EDU,New Oriental Education & Technology Group Inc,NYSE,11557626133.77
NRZ,New Residential Investment Corp,NYSE,5000326083.59
NYCB,New York Community Bancorp Inc,NYSE,6382156761.9
NWL,Newell Brands Inc,NYSE,25502849000
NFX,Newfield Exploration Company,NYSE,6740743842.72
NJR,NewJersey Resources Corporation,NYSE,3531028942.45
NEU,NewMarket Corporation,NYSE,5491673034.61
NEM,Newmont Mining Corporation,NYSE,17959297341.92
NEE,NextEra Energy Inc,NYSE,64770306086.25
NLSN,Nielsen NV,NYSE,14152740736.15
NKE,Nike Inc,NYSE,85130031086.64
NI,NiSource Inc,NYSE,8102200509.37
NBL,Noble Energy Inc,NYSE,13412678141.87
NOK,Nokia Corporation,NYSE,36241901624.52
NMR,Nomura Holdings Inc ADR,NYSE,21632508055.34
NORD,Nord Anglia Education Inc,NYSE,3354422281
JWN,Nordstrom Inc,NYSE,6978640000
NSC,Norfolk Souther Corporation,NYSE,33090281945.4
NTL,Nortel Inversora SA,NYSE,3963538294
NOC,Northrop Grumman Corporation,NYSE,43547178474.3
NVS,Novartis AG,NYSE,192299624000
NVO,Novo Nordisk A/S,NYSE,105825000000
NRG,NRG Energy Inc,NYSE,5044672247.16
DCM,NTT DOCOMO Inc,NYSE,91540308520.43
NUE,Nucor Corporation,NYSE,18109383346.56
NS,Nustar Energy LP,NYSE,4323142437.75
NEA,Nuveen AMT-Free Quality Municipal Income Fund,NYSE,3568502792.26
NVR,NVR Inc,NYSE,8834524646.06
OAK,Oaktree Capital Group LLC,NYSE,7074333750.15
OXY,Occidental Petroleum Corporation,NYSE,46326006414.8
OGE,OGE Energy Corporation,NYSE,6919747030.35
ORI,Old Republic International Corporation,NYSE,5221651853.46
OLN,Olin Corporation,NYSE,5157537541.49
OHI,Omega Healthcare Investors Inc,NYSE,6600976006.56
OMC,Omnicom Group Inc,NYSE,19483001160.81
OGS,ONE Gas Inc,NYSE,3623282685
OKS,ONEOK Partners LP,NYSE,14465665601.52
OKE,ONEOK Inc,NYSE,10895575832.82
ORCL,Oracle Corporation,NYSE,183638346920
ORAN,Orange,NYSE,46364395687.68
OA,Orbital ATK Inc,NYSE,5680989299.58
IX,Orix Corp Ads,NYSE,20408322857.67
OSK,Oshkosh Corporation,NYSE,4861644190
OC,Owens Corning Inc,NYSE,6896557176.37
OI,Owens-Illinois Inc,NYSE,3576104523.74
PCG,Pacific Gas & Electric Co,NYSE,33690292171.99
PKG,Packaging Corporation of America,NYSE,9412048026.15
PANW,Palo Alto Networks Inc,NYSE,10778366174.38
PAM,Pampa Energia SA,NYSE,4365727800
PGRE,Paramount Group Inc,NYSE,3600269999.2
PK,Park Hotels & Resorts Inc,NYSE,5476594047
PH,Parker-Hannifin Corporation,NYSE,21037643387.64
PE,Parsley Energy Inc,NYSE,9876686909
PTHN,Patheon NV,NYSE,5028969815.1
PAYC,Paycom Software Inc,NYSE,3862770860
PSO,Pearson Plc,NYSE,7432025485.52
PBA,Pembina Pipeline Corp,NYSE,13097803557.24
PAG,Penske Automotive Group Inc,NYSE,3804950444.4
PNR,Pentair plc,NYSE,12328880067.9
PEP,Pepsico Inc,NYSE,163849090278.1
PKI,PerkinElmer Inc,NYSE,6841125438.21
PRGO,Perrigo Company,NYSE,10231199110.72
PTR,PetroChina Company Limited,NYSE,125515786575.24
PBR,Petroleo Brasileiro SA- Petrobras,NYSE,56808784130.15
PFE,Pfizer Inc,NYSE,191687164376.4
PM,Philip Morris International Inc,NYSE,180506302122.9
PSX,Phillips 66,NYSE,40539516752
PSXP,Phillips 66 Partners LP,NYSE,5626228984.22
PF,Pinnacle Foods Inc,NYSE,7273713575.16
PNW,Pinnacle West Capital Corporation,NYSE,9499370359.05
PXD,Pioneer Natural Resources Company,NYSE,29521542756.72
PAA,Plains All American Pipeline LP,NYSE,20326636227.15
PAGP,Plains Group Holdings LP,NYSE,4332371917.6
PAH,Platform Specialty Products Corporation,NYSE,3809015284.36
PHI,PLDT Inc,NYSE,7060702727
PNC,PNC Financial Services Group Inc (The),NYSE,57802027127.45
PII,Polaris Industries Inc,NYSE,5483554839.15
POR,Portland General Electric Company,NYSE,4084660451.98
PKX,POSCO,NYSE,20299695636.48
POST,Post Holdings Inc,NYSE,5476984989.15
POT,Potash Corporation of Saskatchewan Inc,NYSE,13826521063.3
PPG,PPG Industries Inc,NYSE,27264471331.08
PPL,PPL Corporation,NYSE,26746292558.7
PX,Praxair Inc,NYSE,37044648231.16
PRI,Primerica Inc,NYSE,3515058082.5
PFG,Principal Financial Group Inc,NYSE,17705237883
PG,Procter & Gamble Company (The),NYSE,220491936389.48
PGR,Progressive Corporation (The),NYSE,24119051953.44
PLD,Prologis Inc,NYSE,29384754150
PB,Prosperity Bancshares Inc,NYSE,4482752291.62
PRU,Prudential Financial Inc,NYSE,44731830000
PUK,Prudential Public Limited Company,NYSE,58512665837.24
PSB,PS Business Parks Inc,NYSE,3344481999.8
TLK,PT Telekomunikasi Indonesia Tbk,NYSE,33393873215.86
PEG,Public Service Enterprise Group Incorporated,NYSE,22380079218
PSA,Public Storage,NYSE,37481174746.4
PHM,PulteGroup Inc,NYSE,7348085644.68
PVH,PVH Corp,NYSE,7965915839.16
PWR,Quanta Services Inc,NYSE,4680326749.6
DGX,Quest Diagnostics Incorporated,NYSE,14578759262.55
Q,Quintiles IMS Holdings Inc,NYSE,18382199576.76
RDN,Radian Group Inc,NYSE,3551220612.81
RL,Ralph Lauren Corporation,NYSE,5610189802.96
RRC,Range Resources Corporation,NYSE,6266511049.82
RJF,Raymond James Financial Inc,NYSE,10538023960.17
RYN,Rayonier Inc,NYSE,3576256035.92
RTN,Raytheon Company,NYSE,46918218060
RLGY,Realogy Holdings Corp,NYSE,4182594078.46
O,Realty Income Corporation,NYSE,14780698609.88
RHT,Red Hat Inc,NYSE,15626585378.7
RBC,Regal Beloit Corporation,NYSE,3544430342.6
REG,Regency Centers Corporation,NYSE,10333913821.56
RF,Regions Financial Corporation,NYSE,16913027493.39
RGA,Reinsurance Group of America Incorporated,NYSE,8061896428.8
RS,Reliance Steel & Aluminum Co,NYSE,5193587139.72
RENX,RELX NV,NYSE,41712261271.34
RELX,RELX PLC,NYSE,43795831618.88
RNR,RenaissanceRe Holdings Ltd,NYSE,5618437256.91
RSG,Republic Services Inc,NYSE,20923876227.33
RMD,ResMed Inc,NYSE,9857855580.93
QSR,Restaurant Brands International Inc,NYSE,14136415500
RAI,Reynolds American Inc,NYSE,95133153426.12
RICE,Rice Energy Inc,NYSE,4392396274.14
RIO,Rio Tinto Plc,NYSE,76201287149.24
RBA,Ritchie Bros Auctioneers Incorporated,NYSE,3288864743.25
RAD,Rite Aid Corporation,NYSE,3793190133.6
RHI,Robert Half International Inc,NYSE,5916389037.44
ROK,Rockwell Automation Inc,NYSE,20413969763.8
COL,Rockwell Collins Inc,NYSE,16845660451.62
RCI,Rogers Communication Inc,NYSE,18586769763.27
ROL,Rollins Inc,NYSE,9219599552.75
ROP,Roper Technologies Inc,NYSE,22800064016.2
RY,Royal Bank Of Canada,NYSE,100713037812.01
RBS,Royal Bank Scotland plc (The),NYSE,40522020000
RCL,Royal Caribbean Cruises Ltd,NYSE,23058190535.58
RES,RPC Inc,NYSE,4329465187.32
RPM,RPM International Inc,NYSE,7094085770.17
RSPP,RSP Permian Inc,NYSE,6272240590.7
R,Ryder System Inc,NYSE,3424103522.07
RHP,Ryman Hospitality Properties Inc,NYSE,3287735517
SPGI,S&P Global Inc,NYSE,35777484000
CRM,Salesforcecom Inc,NYSE,63266438363.28
SNY,Sanofi,NYSE,127031634895.68
SC,Santander Consumer USA Holdings Inc,NYSE,4169292207.2
SAP,SAP SE,NYSE,126742485053.08
SSL,Sasol Ltd,NYSE,20137140333.18
SCG,Scana Corporation,NYSE,9349624710.14
SLB,Schlumberger NV,NYSE,99889491034.06
SMG,Scotts Miracle-Gro Company (The),NYSE,5236941993.3
SEE,Sealed Air Corporation,NYSE,8596169584.1
SMI,Semiconductor  Manufacturing International Corporation,NYSE,5047083692.49
SRE,Sempra Energy,NYSE,28311341246.7
ST,Sensata Technologies Holding NV,NYSE,6942233769.97
SXT,Sensient Technologies Corporation,NYSE,3548676276.78
SCI,Service Corporation International,NYSE,6042036107.38
SERV,ServiceMaster Global Holdings Inc,NYSE,4980565093.32
NOW,ServiceNow Inc,NYSE,17276761930.5
SJR,Shaw Communications Inc,NYSE,9967557321.4
SHLX,Shell Midstream Partners LP,NYSE,5567767741.6
SHW,Sherwin-Williams Company (The),NYSE,30867376360.8
SHG,Shinhan Financial Group Co Ltd,NYSE,20902717794.96
SHOP,Shopify Inc,NYSE,7012309606.4
SIG,Signet Jewelers Limited,NYSE,4090614689.74
SPG,Simon Property Group Inc,NYSE,49203068296
SHI,SINOPEC Shangai Petrochemical Company Ltd,NYSE,6247800000
SIX,Six Flags Entertainment Corporation New,NYSE,5597883761.26
SKM,SK Telecom Co Ltd,NYSE,15635794155.64
SKX,Skechers USA Inc,NYSE,3666995012.88
SLG,SL Green Realty Corporation,NYSE,10431890042.5
SNN,Smith & Nephew SNATS Inc,NYSE,15760932677.76
AOS,Smith (AO) Corporation,NYSE,9319675171.82
SNAP,Snap Inc,NYSE,23676842248.8
SNA,Snap-On Incorporated,NYSE,9497859129
SQM,Sociedad Quimica y Minera SA,NYSE,9293469262.44
SON,Sonoco Products Company,NYSE,5003006568.12
SNE,Sony Corp Ord,NYSE,44887222014.8
SO,Southern Company (The),NYSE,49739885137.83
SCCO,Southern Copper Corporation,NYSE,27132878061.9
LUV,Southwest Airlines Company,NYSE,35626725282.36
SWX,Southwest Gas Holdings Inc,NYSE,3675871513.59
SWN,Southwestern Energy Company,NYSE,3551206031.1
SEP,Spectra Energy Partners LP,NYSE,13975883515.41
SPB           ,Spectrum Brands Holdings Inc,NYSE,7647752580
SR,Spire Inc,NYSE,3385340719.85
SPR,Spirit Aerosystems Holdings Inc,NYSE,6502490503.2
SRC,Spirit Realty Capital Inc,NYSE,3499381397.16
S,Sprint Corporation,NYSE,32575155280.53
SQ,Square Inc,NYSE,7837479512.3
SWK,Stanley Black & Decker Inc,NYSE,20864658114.52
STWD,STARWOOD PROPERTY TRUST INC,NYSE,5681997624.32
STT,State Street Corporation,NYSE,30403609422.11
STO,Statoil ASA,NYSE,59319503233.08
STE,STERIS plc,NYSE,6442165926.2
STM,STMicroelectronics NV,NYSE,14383880805.36
STOR,STORE Capital Corporation,NYSE,3538892593.6
SYK,Stryker Corporation,NYSE,51818783481.92
SMFG,Sumitomo Mitsui Financial Group Inc,NYSE,49903190513.5
SUI,Sun Communities Inc,NYSE,6382724193.5
SLF,Sun Life Financial Inc,NYSE,20466115310.35
SU,Suncor Energy  Inc,NYSE,53581806154.5
SUN,Sunoco LP,NYSE,3521582988.96
SHO,Sunstone Hotel Investors Inc,NYSE,3500966874.92
STI,SunTrust Banks Inc,NYSE,26223749793.12
SYF,Synchrony Financial,NYSE,21824366745.87
SYT,Syngenta AG,NYSE,42804140897.65
SNX,Synnex Corporation,NYSE,4394586560.1
SNV,Synovus Financial Corp,NYSE,5075367986.68
SYY,Sysco Corporation,NYSE,29409105702.2
DATA,Tableau Software Inc,NYSE,4713559362.6
TSM,Taiwan Semiconductor Manufacturing Company Ltd,NYSE,183587090400
TAL,TAL Education Group,NYSE,10209831552.18
TEGP,Tallgrass Energy GP LP,NYSE,4273496179.2
TEP,Tallgrass Energy Partners LP,NYSE,3675498335.64
TRGP,Targa Resources Inc,NYSE,10061782560.57
TGT,Target Corporation,NYSE,30594925005.46
TARO,Taro Pharmaceutical Industries Ltd,NYSE,4608733783.68
TTM,Tata Motors Ltd,NYSE,23701848528.9
TCO,Taubman Centers Inc,NYSE,3662833654.4
TCP,TC PipeLines LP,NYSE,4137681282.57
TEL,TE Connectivity Ltd,NYSE,26790360586.22
FTI,TechnipFMC plc,NYSE,14977603488.9
TECK,Teck Resources Ltd,NYSE,10945369018.8
TGNA,TEGNA Inc,NYSE,4940160731
TEO,Telecom Argentina Stet - France Telecom SA,NYSE,4704300722.67
TI,Telecom Italia SPA,NYSE,20814353971.32
TDY,Teledyne Technologies Incorporated,NYSE,4554085885.74
TFX,Teleflex Incorporated,NYSE,8942277470
VIV,Telefonica Brasil SA,NYSE,23303982996
TEF,Telefonica SA,NYSE,56423415888
TU,TELUS Corporation,NYSE,20192447771.08
TS,Tenaris SA,NYSE,18882686595.85
TDC,Teradata Corporation,NYSE,3743235000
TER,Teradyne Inc,NYSE,6945369879.57
TX,Ternium SA,NYSE,5096147294.92
TSO,Tesoro Corporation,NYSE,9784797627.4
TLLP,Tesoro Logistics LP,NYSE,5817002423.78
TEVA,Teva Pharmaceutical Industries Limited,NYSE,29911040000
TXT,Textron Inc,NYSE,12522505032.98
AES,The AES Corporation,NYSE,7499240702.08
BX,The Blackstone Group LP,NYSE,38198068014.68
SCHW,The Charles Schwab Corporation,NYSE,51506357921.28
THG,The Hanover Insurance Group Inc,NYSE,3493708687.32
TRV,The Travelers Companies Inc,NYSE,33990935597.85
TMO,Thermo Fisher Scientific Inc,NYSE,67328947887.8
TRI,Thomson Reuters Corp,NYSE,31269194820.15
THO,Thor Industries Inc,NYSE,4927312041.7
TIF,Tiffany & Co,NYSE,11687674812.02
TSU,TIM Participacoes SA,NYSE,6933837008.4
TWX,Time Warner Inc,NYSE,75925121641.6
TKR,Timken Company (The),NYSE,3544802847.9
TJX,TJX Companies Inc (The),NYSE,48528393261.88
TOL,Toll Brothers Inc,NYSE,6183792090
TMK,Torchmark Corporation,NYSE,8744423561.25
TTC,Toro Company (The),NYSE,7226289388.32
TD,Toronto Dominion Bank (The),NYSE,86784922676.4
TOT,Total SA,NYSE,132722766133.44
TSS,Total System Services Inc,NYSE,10936971957.66
TM,Toyota Motor Corp Ltd Ord,NYSE,159891387695
TRP,TransCanada Corporation,NYSE,40456075452.9
TDG,Transdigm Group Incorporated,NYSE,13390929723.6
RIG,Transocean Ltd,NYSE,4105976878.5
TRU,TransUnion,NYSE,7665350000
THS,Treehouse Foods Inc,NYSE,4401993363.48
TRCO,Tribune Media Company,NYSE,3458742725.96
TRN,Trinity Industries Inc,NYSE,4050849226.38
TUP,Tupperware Brands Corporation,NYSE,3526389138.8
TKC,Turkcell Iletisim Hizmetleri AS,NYSE,7128000000
TRQ,Turquoise Hill Resources Ltd,NYSE,5614357368.51
TWTR,Twitter Inc,NYSE,13469253535.39
TWO,Two Harbors Investments Corp,NYSE,3503140746.04
TYL,Tyler Technologies Inc,NYSE,6269612834.87
TSN,Tyson Foods Inc,NYSE,20933371748.88
USB,US Bancorp,NYSE,86690967756.56
UBS,UBS AG,NYSE,61134724285.88
UGI,UGI Corporation,NYSE,8431071399.2
UGP,Ultrapar Participacoes SA,NYSE,12424525793.68
UA,Under Armour Inc,NYSE,7890507107.84
UAA,Under Armour Inc,NYSE,8489340236.56
UN,Unilever NV,NYSE,160629948396.72
UL,Unilever PLC,NYSE,164795683643.28
UNP,Union Pacific Corporation,NYSE,87066172386.56
UAL,United Continental Holdings Inc,NYSE,24438051993.52
UDR,United Dominion Realty Trust Inc,NYSE,10187624341.5
UMC,United Microelectronics Corporation,NYSE,4987522035.72
UPS,United Parcel Service Inc,NYSE,90056456593.6
URI,United Rentals Inc,NYSE,9347179606.8
USM,United States Cellular Corporation,NYSE,3293526670.4
X,United States Steel Corporation,NYSE,3400629090.21
UTX,United Technologies Corporation,NYSE,97477338136.64
UNH,UnitedHealth Group Incorporated,NYSE,168351675405.5
UNVR,Univar Inc,NYSE,4289994234
UHS,Universal Health Services Inc,NYSE,11591188089.12
UNM,Unum Group,NYSE,10347217681.92
USFD,US Foods Holding Corp,NYSE,6522503418.96
USG,USG Corporation,NYSE,4233799680
VFC,VF Corporation,NYSE,21164150970.2
MTN,Vail Resorts Inc,NYSE,8170336485.86
VALE,VALE SA,NYSE,43752153121.74
VRX,Valeant Pharmaceuticals International Inc,NYSE,4589018775.15
VLO,Valero Energy Corporation,NYSE,28551253150.56
VR,Validus Holdings Ltd,NYSE,4136676130.34
VMI,Valmont Industries Inc,NYSE,3356073491.8
VAL,Valspar Corporation (The),NYSE,8906898549.8
VVV,Valvoline Inc,NYSE,4563091540.51
VNTV,Vantiv Inc,NYSE,12409752550.68
VAR,Varian Medical Systems Inc,NYSE,8792303239.95
VVC,Vectren Corporation,NYSE,4955646391.28
VEDL,Vedanta  Limited,NYSE,10688842549.14
VEEV,Veeva Systems Inc,NYSE,8654956384.8
VTR,Ventas Inc,NYSE,23865267286.75
VER,VEREIT Inc,NYSE,7628862419.73
VZ,Verizon Communications Inc,NYSE,185529718811.16
VET,Vermilion Energy Inc,NYSE,4139218884.69
VSM,Versum Materials Inc,NYSE,3459851931.32
VIPS,Vipshop Holdings Limited,NYSE,7989860709.4
V,Visa Inc,NYSE,215141814643.28
VST,Vistra Energy Corp,NYSE,6396600270.72
VMW,Vmware Inc,NYSE,38733935520.36
VNO,Vornado Realty Trust,NYSE,17633558478.66
VOYA,Voya Financial Inc,NYSE,6494876934.56
VMC,Vulcan Materials Company,NYSE,16774596239.61
WPC,WP Carey Inc,NYSE,6800774279.75
WRB,WR Berkley Corporation,NYSE,8203506068.36
GRA,WR Grace & Co,NYSE,4863131253.68
GWW,WW Grainger Inc,NYSE,10413735953.4
WBC,Wabco Holdings Inc,NYSE,6433581196.57
WMT,Wal-Mart Stores Inc,NYSE,238128742180.7
DIS,Walt Disney Company (The),NYSE,168427932797.28
WCN,Waste Connections Inc,NYSE,16251683873.6
WM,Waste Management Inc,NYSE,31364535524.29
WAT,Waters Corporation,NYSE,14050589093.7
WSO,Watsco Inc,NYSE,5037098932.66
W,Wayfair Inc,NYSE,5532005839.68
WFT,Weatherford International plc,NYSE,5194904244.37
WBS,Webster Financial Corporation,NYSE,4534632309.9
WEC,WEC Energy Group Inc,NYSE,19433368490.76
WRI,Weingarten Realty Investors,NYSE,3915855228
WCG,WellCare Health Plans Inc,NYSE,7624254163.68
WFC,Wells Fargo & Company,NYSE,264907827498.06
HCN,Welltower Inc,NYSE,26876628807
WST,West Pharmaceutical Services Inc,NYSE,7030258344.9
WR,Westar Energy Inc,NYSE,7346224695.7
WAL,Western Alliance Bancorporation,NYSE,4815983838.24
WGP,Western Gas Equity Partners LP,NYSE,9659128508.4
WES,Western Gas Partners LP,NYSE,8650505913.35
WNR,Western Refining Inc,NYSE,3937037157.54
WU,Western Union Company (The),NYSE,9010379902.48
WAB,Westinghouse Air Brake Technologies Corporation,NYSE,7844771120.25
WLK,Westlake Chemical Corporation,NYSE,8160935568.48
WBK,Westpac Banking Corporation,NYSE,78029748191.68
WRK,Westrock Company,NYSE,13134978751.1
WEX,WEX Inc,NYSE,4327729042.1
WY,Weyerhaeuser Company,NYSE,24911529158.32
WGL,WGL Holdings Inc,NYSE,4220957790
WPM,Wheaton Precious Metals Corp,NYSE,9430803483.12
WHR,Whirlpool Corporation,NYSE,13324278785.24
WTM,White Mountains Insurance Group Ltd,NYSE,3980295340.56
WMB,Williams Companies Inc (The),NYSE,24986548621.44
WPZ,Williams Partners LP,NYSE,39260770828.73
WSM,Williams-Sonoma Inc,NYSE,4309018368.24
WIT,Wipro Limited,NYSE,25259446961.1
WF,Woori Bank,NYSE,9457216487.88
WDAY,Workday Inc,NYSE,20479207745.79
WPX,WPX Energy Inc,NYSE,4930269177.2
WYN,Wyndham Worldwide Corp,NYSE,10016925581.55
XEL,Xcel Energy Inc,NYSE,23509421390.3
XRX,Xerox Corporation,NYSE,7095759314.42
XL,XL Group Ltd,NYSE,10951792142.76
XPO,XPO Logistics Inc,NYSE,5958355314.66
XYL,Xylem Inc,NYSE,9393777064.32
YPF,YPF Sociedad Anonima,NYSE,9396242624.77
YUMC,Yum China Holdings Inc,NYSE,14185798981.31
YUM,Yum! Brands Inc,NYSE,24727846029.75
ZAYO,Zayo Group Holdings Inc,NYSE,7834575322.12
ZBH,Zimmer Biomet Holdings Inc,NYSE,23751650058.12
ZTS,Zoetis Inc,NYSE,29599958686.91
ZTO,ZTO Express (Cayman) Inc,NYSE,10598079315.6
BTI,British American Tobacco plc,AMEX,121742283008.08
CQH,Cheniere Energy Partners LP Holdings LLC,AMEX,6068223000
CQP,Cheniere Energy Partners LP,AMEX,10935440179.56
LNG,Cheniere Energy Inc,AMEX,11732320117.44
IMO,Imperial Oil Limited,AMEX,24605799289.33
SEB,Seaboard Corporation,AMEX,4524222572
